,citations,citations_rank,news,news_rank,twitter,twitter_rank,program,DOI
7530,20.0,1372.0,71.0,2.0,244.0,1.0,PCRP,10.1038/nbt.3843
780,264.0,64.0,34.0,9.0,189.0,2.0,TSCRP,10.1016/j.neuron.2014.07.040
8583,,,,,186.0,3.0,PRORP,10.18632/oncotarget.7055
7581,,,5.0,91.0,167.0,4.0,PCRP,10.1001/jamaoncol.2018.5801
7576,19.0,1414.0,34.0,9.0,161.0,5.0,PCRP,10.1016/j.cell.2018.04.034
3443,,,,,1.0,1014.0,PCRP,10.1158/0008-5472.can-08-2328
7358,,,,,1.0,1014.0,PCRP,10.1002/pros.23657
7367,1.0,2681.0,,,1.0,1014.0,PCRP,10.1038/s41391-018-0043-z
3508,,,,,1.0,1014.0,PCRP,10.1158/0008-5472.can-07-1483
2535,,,,,1.0,1014.0,PCRP,10.1196/annals.1331.022
3485,,,,,1.0,1014.0,PCRP,10.1089/acm.2007.0788
3293,,,,,1.0,1014.0,PCRP,10.1159/000122333
3473,,,,,1.0,1014.0,PCRP,10.1097/01.cdr.0000342344.81082.49
4680,,,,,1.0,1014.0,PCRP,10.2174/138161209788682370
2509,18.0,1470.0,7.0,65.0,1.0,1014.0,PCRP,10.1080/01635581.2013.789540
3325,374.0,27.0,1.0,200.0,1.0,1014.0,PCRP,10.1038/nature08361
3463,,,,,1.0,1014.0,PCRP,10.1016/j.juro.2007.05.039
3456,259.0,67.0,,,1.0,1014.0,PCRP,10.1016/j.ccr.2010.04.027
3270,30.0,1002.0,,,1.0,1014.0,PCRP,10.1158/1078-0432.ccr-08-1440
7362,,,,,1.0,1014.0,PCRP,10.4103/aja.aja_37_18
3417,,,1.0,200.0,1.0,1014.0,PCRP,10.1093/carcin/bgl241
2892,,,,,1.0,1014.0,PCRP,10.1158/1535-7163.mct-07-0005
3247,,,,,1.0,1014.0,PCRP,10.1677/erc.1.00543
3258,,,1.0,200.0,1.0,1014.0,PCRP,10.1359/jbmr.0707onj
4715,41.0,742.0,,,1.0,1014.0,PCRP,10.1371/journal.pone.0042564
2897,,,,,1.0,1014.0,PCRP,10.1038/ncb1490
7535,1.0,2681.0,,,1.0,1014.0,PCRP,10.18632/oncotarget.21085
7536,,,,,1.0,1014.0,PCRP,10.18632/oncotarget.21710
2900,,,,,1.0,1014.0,PCRP,10.1097/cji.0b013e318193d31e
4746,22.0,1281.0,,,1.0,1014.0,PCRP,10.1097/cji.0b013e31822b5b1d
2786,,,,,1.0,1014.0,PCRP,10.4161/cbt.4.1.1382
2923,,,,,1.0,1014.0,PCRP,10.1128/mcb.00310-08
7541,,,,,1.0,1014.0,PCRP,10.1002/pros.23697
2693,,,,,1.0,1014.0,PCRP,10.2174/157488707781662724
3019,,,,,1.0,1014.0,PCRP,10.4161/cbt.5.12.3374
7485,3.0,2508.0,,,1.0,1014.0,PCRP,10.1016/j.actbio.2017.07.014
7351,,,,,1.0,1014.0,PCRP,10.1002/smll.201802565
7345,2.0,2592.0,,,1.0,1014.0,PCRP,10.1007/s00418-018-1726-1
3050,,,,,1.0,1014.0,PCRP,10.1210/er.2003-0034
3103,,,,,1.0,1014.0,PCRP,10.4161/cbt.5.12.3660
3104,,,,,1.0,1014.0,PCRP,10.4161/cbt.6.1.3786
3112,15.0,1643.0,,,1.0,1014.0,PCRP,10.1016/j.jsbmb.2010.03.081
7545,,,,,1.0,1014.0,PCRP,10.1158/0008-5472.can-17-1493
3126,,,4.0,102.0,1.0,1014.0,PCRP,10.1038/nrc2196
3143,,,,,1.0,1014.0,PCRP,10.1074/jbc.m408972200
3223,,,,,1.0,1014.0,PCRP,10.4161/cbt.5.6.2660
4731,21.0,1322.0,,,1.0,1014.0,PCRP,10.1002/pros.22735
3248,,,,,1.0,1014.0,PCRP,10.1158/1535-7163.mct-07-0234
3046,,,,,1.0,1014.0,PCRP,10.1002/lsm.20345
4110,14.0,1704.0,,,1.0,1014.0,PCRP,10.1016/j.urology.2009.06.089
4676,,,,,1.0,1014.0,PCRP,10.1074/jbc.m608487200
7436,2.0,2592.0,,,1.0,1014.0,PCRP,10.1074/jbc.m115.713099
3855,71.0,380.0,,,1.0,1014.0,PCRP,10.1074/jbc.m110.216564
7396,,,,,1.0,1014.0,PCRP,10.1016/j.chembiol.2018.05.010
4404,,,,,1.0,1014.0,PCRP,10.1080/15257770701542652
3894,29.0,1030.0,,,1.0,1014.0,PCRP,10.1093/aje/kwr003
7401,26.0,1125.0,,,1.0,1014.0,PCRP,10.1016/j.neo.2016.07.007
3910,,,,,1.0,1014.0,PCRP,10.1007/s12011-008-8157-0
3916,,,,,1.0,1014.0,PCRP,10.1126/science.1165395
2461,,,,,1.0,1014.0,PCRP,10.1097/01.pas.0000173646.99337.b1
4397,26.0,1125.0,,,1.0,1014.0,PCRP,10.1158/2326-6066.cir-14-0206
7403,,,,,1.0,1014.0,PCRP,10.1002/jcb.25843
3940,,,,,1.0,1014.0,PCRP,10.1210/me.2007-0174
7439,1.0,2681.0,,,1.0,1014.0,PCRP,10.1088/1361-6579/aabf22
3964,,,,,1.0,1014.0,PCRP,10.1073/pnas.0703867104
4454,,,,,1.0,1014.0,PCRP,10.1593/neo.08154
4315,,,,,1.0,1014.0,PCRP,10.1158/0008-5472.can_10-3398
7433,2.0,2592.0,,,1.0,1014.0,PCRP,10.1093/bioinformatics/bty450
4265,17.0,1526.0,,,1.0,1014.0,PCRP,10.1021/np300457g
4262,17.0,1526.0,,,1.0,1014.0,PCRP,10.1021/ol203498a
3970,25.0,1164.0,,,1.0,1014.0,PCRP,10.1371/journal.pone.0048455
3979,,,,,1.0,1014.0,PCRP,10.4172/jpb.1000232
7411,,,,,1.0,1014.0,PCRP,10.4103/aja.aja_38_18
3985,,,,,1.0,1014.0,PCRP,10.1016/j.cell.2006.11.042
3988,,,1.0,200.0,1.0,1014.0,PCRP,10.1172/jci31494
3993,19.0,1414.0,,,1.0,1014.0,PCRP,10.1158/0008-5472.can-09-2668
4257,,,,,1.0,1014.0,PCRP,10.1186/gb-2008-9-9-r137
4114,,,,,1.0,1014.0,PCRP,10.1002/cncr.25749
4416,196.0,108.0,,,1.0,1014.0,PCRP,10.1016/j.ccr.2011.09.001
4505,28.0,1063.0,,,1.0,1014.0,PCRP,10.1039/c1an15112f
7481,18.0,1470.0,,,1.0,1014.0,PCRP,10.1158/1535-7163.mct-16-0186
3663,31.0,969.0,,,1.0,1014.0,PCRP,10.1002/pros.21035
3541,,,,,1.0,1014.0,PCRP,10.1089/hum.2005.16.1097
4656,,,,,1.0,1014.0,PCRP,10.1016/j.juro.2008.08.042
3553,,,,,1.0,1014.0,PCRP,10.1353/hpu.0.0242
3596,11.0,1874.0,1.0,200.0,1.0,1014.0,PCRP,10.2967/jnumed.112.105007
7373,,,,,1.0,1014.0,PCRP,10.1074/jbc.m117.798827
3598,3.0,2508.0,,,1.0,1014.0,PCRP,10.1002/pros.21477
7476,12.0,1814.0,,,1.0,1014.0,PCRP,10.1002/pros.23218
3602,45.0,663.0,,,1.0,1014.0,PCRP,10.4049/jimmunol.1201744
7374,4.0,2455.0,,,1.0,1014.0,PCRP,10.1074/jbc.ra117.000940
3617,,,,,1.0,1014.0,PCRP,10.1158/0008-5472.can-06-3946
4086,,,1.0,200.0,1.0,1014.0,PCRP,10.1001/jama.299.23.2760
3644,20.0,1372.0,,,1.0,1014.0,PCRP,10.1016/j.ijrobp.2011.05.035
4613,108.0,225.0,,,1.0,1014.0,PCRP,10.1146/annurev-pathol-121808-102113
7389,15.0,1643.0,,,1.0,1014.0,PCRP,10.1158/1078-0432.ccr-15-0503
3688,38.0,790.0,,,1.0,1014.0,PCRP,10.1002/emmm.201200242
3729,,,,,1.0,1014.0,PCRP,10.1158/0008-5472.can-06-1336
7378,15.0,1643.0,,,1.0,1014.0,PCRP,10.18632/oncotarget.12697
3752,,,,,1.0,1014.0,PCRP,10.1002/jcb.21491
3754,,,,,1.0,1014.0,PCRP,10.1002/cmdc.200500044
4549,90.0,280.0,,,1.0,1014.0,PCRP,10.1016/j.cell.2011.04.028
4548,24.0,1201.0,,,1.0,1014.0,PCRP,10.1002/ijc.26138
3785,25.0,1164.0,,,1.0,1014.0,PCRP,10.1002/ijc.23946
3796,12.0,1814.0,,,1.0,1014.0,PCRP,10.1158/0008-5472.can-12-1158
3817,,,,,1.0,1014.0,PCRP,10.1038/onc.2008.143
3839,,,2.0,151.0,1.0,1014.0,PCRP,10.1016/j.fertnstert.2007.12.023
7388,,,,,1.0,1014.0,PCRP,10.7150/thno.27679
7472,4.0,2455.0,,,1.0,1014.0,PCRP,10.1016/j.jsbmb.2016.07.006
6640,25.0,1164.0,,,1.0,1014.0,PCRP,10.7150/thno.6717
2458,,,,,1.0,1014.0,PCRP,10.1038/sj.onc.1207906
8466,,,,,1.0,1014.0,PRORP,10.1097/01.prs.0000479996.04255.60
470,6.0,2280.0,2.0,151.0,1.0,1014.0,NFRP,10.4161/15384047.2014.972765
466,,,,,1.0,1014.0,NFRP,10.3791/55827
459,2.0,2592.0,,,1.0,1014.0,NFRP,10.1093/hmg/ddx423
8450,,,,,1.0,1014.0,PRORP,10.1056/nejmc1601157
452,3.0,2508.0,,,1.0,1014.0,NFRP,10.1016/j.bbr.2017.06.024
450,,,,,1.0,1014.0,NFRP,10.4161/rdis.28341
8460,36.0,833.0,1.0,200.0,1.0,1014.0,PRORP,10.1016/j.bjps.2014.01.031
449,,,,,1.0,1014.0,NFRP,10.1212/wnl.0000000000000652
474,6.0,2280.0,1.0,200.0,1.0,1014.0,NFRP,10.1093/hmg/ddv635
441,32.0,935.0,,,1.0,1014.0,NFRP,10.1182/blood-2014-05-574582
436,7.0,2194.0,,,1.0,1014.0,NFRP,10.1097/nen.0000000000000126
433,,,,,1.0,1014.0,NFRP,10.1097/nen.0000000000000201
432,9.0,2032.0,,,1.0,1014.0,NFRP,10.1007/s00401-013-1209-3
8491,7.0,2194.0,,,1.0,1014.0,PRORP,10.1097/bcr.0000000000000444
431,7.0,2194.0,,,1.0,1014.0,NFRP,10.1002/hbm.22937
429,,,,,1.0,1014.0,NFRP,10.1038/srep43315
472,,,,,1.0,1014.0,NFRP,10.1167/iovs.17-22588
477,1.0,2681.0,,,1.0,1014.0,NFRP,10.1088/1748-605x/aa61d1
722,5.0,2368.0,,,1.0,1014.0,TSCRP,10.1016/j.jvir.2016.05.029
8405,30.0,1002.0,,,1.0,1014.0,PRORP,10.1016/j.biomaterials.2012.12.035
712,16.0,1577.0,,,1.0,1014.0,TSCRP,10.1016/j.ymeth.2012.06.014
8373,38.0,790.0,,,1.0,1014.0,PRORP,10.1016/j.biomaterials.2013.03.015
8381,7.0,2194.0,,,1.0,1014.0,PRORP,10.1097/scs.0000000000001383
696,50.0,578.0,,,1.0,1014.0,TSCRP,10.1158/1078-0432.ccr-10-0993
8392,9.0,2032.0,,,1.0,1014.0,PRORP,10.1111/mmi.12629
688,19.0,1414.0,,,1.0,1014.0,TSCRP,10.1002/humu.22007
8395,,,,,1.0,1014.0,PRORP,10.1097/bto.0b013e3182488444
8411,24.0,1201.0,,,1.0,1014.0,PRORP,10.1097/prs.0b013e3182268ae0
478,1.0,2681.0,,,1.0,1014.0,NFRP,10.1002/jbm.a.36204
681,63.0,442.0,,,1.0,1014.0,TSCRP,10.1016/j.nbd.2012.10.014
8418,17.0,1526.0,,,1.0,1014.0,PRORP,10.1089/ten.tea.2012.0288
672,4.0,2455.0,,,1.0,1014.0,TSCRP,10.1002/dneu.22086
646,10.0,1962.0,3.0,117.0,1.0,1014.0,TSCRP,10.1158/0008-5472.can-15-1287
541,,,,,1.0,1014.0,NFRP,10.2214/ajr.184.3.01840962
8434,,,,,1.0,1014.0,PRORP,10.1097/bot.0000000000000791
490,,,3.0,117.0,1.0,1014.0,NFRP,10.1086/320121
419,29.0,1030.0,,,1.0,1014.0,NFRP,10.1074/jbc.m112.378695
417,,,,,1.0,1014.0,NFRP,10.1016/j.neuroscience.2018.04.002
416,,,,,1.0,1014.0,NFRP,10.1097/j.pain.0000000000001026
309,69.0,393.0,,,1.0,1014.0,NFRP,10.1177/1073858410365562
343,,,,,1.0,1014.0,NFRP,10.1007/s00018-008-8252-6
8557,8.0,2111.0,,,1.0,1014.0,PRORP,10.1016/j.matbio.2016.02.002
336,35.0,861.0,,,1.0,1014.0,NFRP,10.2217/fon.10.18
335,12.0,1814.0,,,1.0,1014.0,NFRP,10.1097/ftd.0b013e318286dd3f
334,,,,,1.0,1014.0,NFRP,10.1097/ftd.0000000000000130
333,31.0,969.0,,,1.0,1014.0,NFRP,10.1002/pbc.24873
314,32.0,935.0,,,1.0,1014.0,NFRP,10.1242/dmm.009779
306,24.0,1201.0,,,1.0,1014.0,NFRP,10.1016/j.neulet.2012.03.009
8504,15.0,1643.0,,,1.0,1014.0,PRORP,10.1007/s11999-015-4272-3
8570,1.0,2681.0,48.0,6.0,1.0,1014.0,PRORP,10.1055/s-0037-1608947
8578,,,1.0,200.0,1.0,1014.0,PRORP,10.1038/onc.2016.240
8580,2.0,2592.0,,,1.0,1014.0,PRORP,10.1002/pros.23226
248,,,,,1.0,1014.0,NFRP,10.1016/j.cell.2008.09.060
225,22.0,1281.0,,,1.0,1014.0,NFRP,10.1093/hmg/ddt333
170,4.0,2455.0,,,1.0,1014.0,NFRP,10.1016/j.jpeds.2014.12.012
166,60.0,481.0,,,1.0,1014.0,NFRP,10.1002/emmm.200900027
367,42.0,723.0,,,1.0,1014.0,NFRP,10.1242/dmm.006908
8552,,,,,1.0,1014.0,PRORP,10.1186/s13018-017-0553-8
369,19.0,1414.0,,,1.0,1014.0,NFRP,10.1016/j.brainresbull.2011.08.005
374,9.0,2032.0,,,1.0,1014.0,NFRP,10.1093/neuonc/nor226
8505,3.0,2508.0,,,1.0,1014.0,PRORP,10.1007/s11999-015-4302-1
404,46.0,641.0,,,1.0,1014.0,NFRP,10.1158/1541-7786.mcr-11-0425-t
402,965.0,6.0,,,1.0,1014.0,NFRP,10.1016/j.devcel.2010.09.011
396,,,,,1.0,1014.0,NFRP,10.1016/j.devcel.2011.08.028
8518,,,,,1.0,1014.0,PRORP,10.3727/194982414x14138187301579
395,27.0,1094.0,,,1.0,1014.0,NFRP,10.4161/rna.21998
393,,,,,1.0,1014.0,NFRP,10.6026/97320630008731
381,34.0,887.0,,,1.0,1014.0,NFRP,10.1016/j.semcdb.2012.08.001
8530,3.0,2508.0,,,1.0,1014.0,PRORP,10.3390/ijms18122597
8531,1.0,2681.0,,,1.0,1014.0,PRORP,10.1080/21623945.2018.1423911
8532,,,,,1.0,1014.0,PRORP,10.1089/ten.tea.2016.0277
379,7.0,2194.0,,,1.0,1014.0,NFRP,10.1371/journal.pone.0066024
376,35.0,861.0,,,1.0,1014.0,NFRP,10.1523/jneurosci.3242-12.2012
8537,6.0,2280.0,,,1.0,1014.0,PRORP,10.1002/jor.23216
8542,8.0,2111.0,,,1.0,1014.0,PRORP,10.4103/1673-5374.180724
721,,,,,1.0,1014.0,TSCRP,10.3389/fnmol.2018.00409
8359,24.0,1201.0,,,1.0,1014.0,PRORP,10.1016/j.biomaterials.2014.11.013
2399,,,,,1.0,1014.0,PCRP,10.1126/science.1098918
1386,,,,,1.0,1014.0,PCRP,10.1158/0008-5472.can-06-3399
1791,,,,,1.0,1014.0,PCRP,10.4161/cbt.2.6.531
7595,,,,,1.0,1014.0,PCRP,10.1016/j.clgc.2017.02.007
1779,,,,,1.0,1014.0,PCRP,10.1198/016214505000000637
1776,,,,,1.0,1014.0,PCRP,10.1158/0008-5472.can-05-3752
1713,7.0,2194.0,1.0,200.0,1.0,1014.0,PCRP,10.1038/cdd.2014.146
1585,,,,,1.0,1014.0,PCRP,10.1091/mbc.e02-11-0731
1581,,,,,1.0,1014.0,PCRP,10.4161/cbt.3.8.1028
1385,10.0,1962.0,,,1.0,1014.0,PCRP,10.1186/1479-5876-8-98
1826,,,,,1.0,1014.0,PCRP,10.1007/s10552-005-2367-y
1365,,,,,1.0,1014.0,PCRP,10.1086/375613
1286,,,,,1.0,1014.0,PCRP,10.4161/cbt.3.6.846
7609,,,,,1.0,1014.0,PCRP,10.1093/annonc/mdx648
7341,,,,,1.0,1014.0,PCRP,10.1186/s40425-016-0175-4
1101,,,,,1.0,1014.0,PCRP,10.4161/cbt.2.2.237
923,,,,,1.0,1014.0,PCRP,10.1158/0008-5472.can-04-3267
896,44.0,676.0,,,1.0,1014.0,PCRP,10.1158/0008-5472.can-08-4516
1809,,,,,1.0,1014.0,PCRP,10.1073/pnas.0605832103
1835,,,,,1.0,1014.0,PCRP,10.1038/sj.onc.1208513
728,77.0,336.0,,,1.0,1014.0,TSCRP,10.1016/j.ccr.2010.10.019
2169,,,,,1.0,1014.0,PCRP,10.1158/0008-5472.can-03-2340
2385,,,1.0,200.0,1.0,1014.0,PCRP,10.1038/nm972
2313,,,,,1.0,1014.0,PCRP,10.1158/0008-5472.can-06-4277
2311,,,,,1.0,1014.0,PCRP,10.1158/0008-5472.can-05-4526
2304,,,,,1.0,1014.0,PCRP,10.1207/s15327914nc4801_12
2301,,,,,1.0,1014.0,PCRP,10.1074/jbc.m500463200
2248,,,,,1.0,1014.0,PCRP,10.1038/sj.onc.1207284
2196,,,,,1.0,1014.0,PCRP,10.1056/nejmoa051931
7575,5.0,2368.0,,,1.0,1014.0,PCRP,10.1080/15384101.2017.1314421
1851,,,,,1.0,1014.0,PCRP,10.1182/blood-2004-11-4564
2130,,,,,1.0,1014.0,PCRP,10.4161/cbt.2.6.671
2129,,,,,1.0,1014.0,PCRP,10.1016/j.molcel.2004.10.024
2014,,,,,1.0,1014.0,PCRP,10.1007/s10552-005-0481-5
2008,,,,,1.0,1014.0,PCRP,10.1002/ijc.22714
1995,,,,,1.0,1014.0,PCRP,10.1371/journal.pcbi.0030012
1990,,,,,1.0,1014.0,PCRP,10.1016/j.devcel.2005.02.010
1970,,,,,1.0,1014.0,PCRP,10.4161/cbt.5.11.3461
826,,,,,1.0,1014.0,TSCRP,10.1074/jbc.m115.678490
807,,,,,1.0,1014.0,TSCRP,10.1080/15384101.2015.1125240
7782,,,,,1.0,1014.0,PCRP,10.1016/s0027-5107(03)00081-2
8331,55.0,526.0,,,1.0,1014.0,PRORP,10.1002/adhm.201400695
8285,6.0,2280.0,1.0,200.0,1.0,1014.0,PRORP,10.1186/s13075-015-0840-x
8288,,,,,1.0,1014.0,PRORP,10.1097/jpo.0000000000000073
8292,12.0,1814.0,,,1.0,1014.0,PRORP,10.1089/hgtb.2013.026
8304,,,,,1.0,1014.0,PRORP,10.1089/ten.tea.2013.0559
772,13.0,1757.0,,,1.0,1014.0,TSCRP,10.1007/s12672-012-0128-4
8322,6.0,2280.0,,,1.0,1014.0,PRORP,10.1097/bot.0000000000000064
769,12.0,1814.0,,,1.0,1014.0,TSCRP,10.1111/epi.13429
755,3.0,2508.0,,,1.0,1014.0,TSCRP,10.1177/0883073812465122
7797,,,,,1.0,1014.0,PCRP,10.1096/fj.01-0925fje
749,4.0,2455.0,,,1.0,1014.0,TSCRP,10.1523/jneurosci.3454-16.2017
740,,,,,1.0,1014.0,TSCRP,10.1016/s2213-2600(13)70090-0
737,39.0,773.0,1.0,200.0,1.0,1014.0,TSCRP,10.1371/journal.pgen.1003279
8344,24.0,1201.0,,,1.0,1014.0,PRORP,10.1007/s00441-011-1217-3
8348,11.0,1874.0,,,1.0,1014.0,PRORP,10.1115/1.4027998
732,31.0,969.0,,,1.0,1014.0,TSCRP,10.1038/onc.2013.273
8355,,,,,1.0,1014.0,PRORP,10.1097/brs.0000000000001021
8266,29.0,1030.0,,,1.0,1014.0,PRORP,10.1016/j.actbio.2013.06.013
8265,,,,,1.0,1014.0,PRORP,10.1213/ane.0000000000000203
786,6.0,2280.0,,,1.0,1014.0,TSCRP,10.1016/j.nbd.2015.04.018
8250,,,,,1.0,1014.0,PCRP,10.1038/35094009
7828,,,,,1.0,1014.0,PCRP,10.1016/s0302-2838(01)00019-7
7856,,,,,1.0,1014.0,PCRP,10.1080/01635580701274046
7857,,,,,1.0,1014.0,PCRP,10.1159/000089553
7870,,,,,1.0,1014.0,PCRP,10.1080/03008880510030969
797,7.0,2194.0,,,1.0,1014.0,TSCRP,10.1158/0008-5472.can-16-2755
794,,,,,1.0,1014.0,TSCRP,10.1080/23723556.2015.1010958
7990,,,,,1.0,1014.0,PCRP,10.1006/geno.2000.6446
793,58.0,501.0,,,1.0,1014.0,TSCRP,10.1016/j.molcel.2014.11.013
8017,,,,,1.0,1014.0,PCRP,10.1128/mcb.22.17.6286-6297.2002
8064,12.0,1814.0,,,1.0,1014.0,PCRP,10.1016/j.urolonc.2011.02.002
8105,,,,,1.0,1014.0,PCRP,10.1073/pnas.1735443100
8107,,,,,1.0,1014.0,PCRP,10.1002/pros.10289
787,9.0,2032.0,,,1.0,1014.0,TSCRP,10.1165/rcmb.2014-0379rc
8205,,,,,1.0,1014.0,PCRP,10.1126/science.1065518
8240,,,1.0,200.0,1.0,1014.0,PCRP,10.1023/a:1021911517010
7342,1.0,2681.0,,,1.0,1014.0,PCRP,10.1016/j.mri.2017.12.021
7276,15.0,1643.0,,,1.0,1014.0,PCRP,10.1007/s10637-015-0307-6
7340,8.0,2111.0,,,1.0,1014.0,PCRP,10.1016/j.pharmthera.2017.02.016
6142,16.0,1577.0,,,1.0,1014.0,PCRP,10.2967/jnumed.114.153098
6234,2.0,2592.0,,,1.0,1014.0,PCRP,10.1371/journal.pone.0120628
6218,,,,,1.0,1014.0,PCRP,10.1109/embc.2014.6943603
6203,100.0,248.0,,,1.0,1014.0,PCRP,10.1074/jbc.m111.278705
6162,6.0,2280.0,,,1.0,1014.0,PCRP,10.4049/jimmunol.1302312
6148,,,,,1.0,1014.0,PCRP,10.2174/1389450115666140902125657
6146,16.0,1577.0,,,1.0,1014.0,PCRP,10.1007/s00259-011-1886-x
6143,83.0,305.0,,,1.0,1014.0,PCRP,10.1021/ar500362y
6141,11.0,1874.0,,,1.0,1014.0,PCRP,10.1007/s00259-015-3038-1
6254,,,,,1.0,1014.0,PCRP,10.1007/978-1-62703-508-8_18
6107,28.0,1063.0,,,1.0,1014.0,PCRP,10.2967/jnumed.112.105460
6097,,,,,1.0,1014.0,PCRP,10.18632/oncotarget.1094
6095,28.0,1063.0,,,1.0,1014.0,PCRP,10.1158/0008-5472.can-13-2466
6090,20.0,1372.0,,,1.0,1014.0,PCRP,10.1210/en.2014-1337
6953,1.0,2681.0,,,1.0,1014.0,PCRP,10.1016/j.clgc.2016.07.011
6080,62.0,456.0,,,1.0,1014.0,PCRP,10.1517/14728222.2013.764990
6079,9.0,2032.0,,,1.0,1014.0,PCRP,10.1021/cb400837t
6242,,,,,1.0,1014.0,PCRP,10.18632/oncotarget.1802
6258,15.0,1643.0,,,1.0,1014.0,PCRP,10.1158/1541-7786.mcr-14-0118
6960,,,,,1.0,1014.0,PCRP,10.1126/scitranslmed.aah5497
6881,17.0,1526.0,,,1.0,1014.0,PCRP,10.1039/c4bm00020j
6854,3.0,2508.0,,,1.0,1014.0,PCRP,10.1038/srep29906
6855,,,,,1.0,1014.0,PCRP,10.1038/srep27306
6857,5.0,2368.0,,,1.0,1014.0,PCRP,10.1158/1055-9965.epi-15-0496
6870,11.0,1874.0,,,1.0,1014.0,PCRP,10.1371/journal.pone.0121502
6874,4.0,2455.0,,,1.0,1014.0,PCRP,10.1002/pros.22908
6326,23.0,1258.0,,,1.0,1014.0,PCRP,10.4103/1008-682x.123669
6325,,,,,1.0,1014.0,PCRP,10.1016/j.urology.2013.09.045
6322,146.0,149.0,,,1.0,1014.0,PCRP,10.1016/j.juro.2013.07.001
6263,,,,,1.0,1014.0,PCRP,10.1155/2013/147541
6317,7.0,2194.0,,,1.0,1014.0,PCRP,10.4103/1008-682x.122864
6306,6.0,2280.0,,,1.0,1014.0,PCRP,10.1002/pros.23225
6889,9.0,2032.0,,,1.0,1014.0,PCRP,10.1039/c5py01528f
6300,24.0,1201.0,,,1.0,1014.0,PCRP,10.1002/pros.23003
6900,5.0,2368.0,,,1.0,1014.0,PCRP,10.18632/oncotarget.11347
6901,10.0,1962.0,,,1.0,1014.0,PCRP,10.1002/pros.23145
6281,49.0,598.0,,,1.0,1014.0,PCRP,10.1074/jbc.m111.325290
6072,44.0,676.0,,,1.0,1014.0,PCRP,10.1074/jbc.m110.136044
6057,47.0,623.0,,,1.0,1014.0,PCRP,10.1093/jmcb/mjs042
5924,41.0,742.0,,,1.0,1014.0,PCRP,10.1158/2159-8290.cd-14-0985
5974,30.0,1002.0,,,1.0,1014.0,PCRP,10.1158/0008-5472.can-11-2127
6997,7.0,2194.0,,,1.0,1014.0,PCRP,10.1021/pr500387m
5981,3.0,2508.0,,,1.0,1014.0,PCRP,10.1111/cei.12247
7000,2.0,2592.0,,,1.0,1014.0,PCRP,10.1118/1.4897615
7001,15.0,1643.0,,,1.0,1014.0,PCRP,10.1016/j.ijrobp.2014.08.350
7002,5.0,2368.0,,,1.0,1014.0,PCRP,10.1016/j.ijrobp.2013.05.018
7005,6.0,2280.0,,,1.0,1014.0,PCRP,10.1016/j.ijrobp.2015.01.006
5977,7.0,2194.0,,,1.0,1014.0,PCRP,10.4161/onci.27317
5973,11.0,1874.0,,,1.0,1014.0,PCRP,10.4161/cc.27727
5984,2.0,2592.0,,,1.0,1014.0,PCRP,10.1016/j.jneuroim.2014.03.003
5962,7.0,2194.0,,,1.0,1014.0,PCRP,10.1002/pros.22632
7012,57.0,510.0,,,1.0,1014.0,PCRP,10.1158/1541-7786.mcr-14-0257
5939,87.0,291.0,,,1.0,1014.0,PCRP,10.1002/emmm.201202367
7017,29.0,1030.0,,,1.0,1014.0,PCRP,10.1093/nar/gku1138
7022,19.0,1414.0,,,1.0,1014.0,PCRP,10.1152/ajplung.00125.2014
7026,5.0,2368.0,,,1.0,1014.0,PCRP,10.4103/0973-6042.140115
5925,18.0,1470.0,,,1.0,1014.0,PCRP,10.1158/1535-7163.mct-14-0542-t
6995,16.0,1577.0,,,1.0,1014.0,PCRP,10.1186/s12967-014-0313-z
5991,33.0,916.0,,,1.0,1014.0,PCRP,10.1002/pros.22535
6962,,,,,1.0,1014.0,PCRP,10.18632/oncotarget.2740
6973,,,,,1.0,1014.0,PCRP,10.1126/scitranslmed.aai8745
6963,,,,,1.0,1014.0,PCRP,10.14694/edbook_am.2015.35.92
6964,41.0,742.0,,,1.0,1014.0,PCRP,10.1158/1541-7786.mcr-13-0536
6056,61.0,470.0,,,1.0,1014.0,PCRP,10.1074/jbc.m113.477216
6054,,,,,1.0,1014.0,PCRP,10.3389/fgene.2012.00174
6044,49.0,598.0,,,1.0,1014.0,PCRP,10.1158/0008-5472.can-13-2543
6034,8.0,2111.0,,,1.0,1014.0,PCRP,10.1186/1471-2148-13-19
6972,,,,,1.0,1014.0,PCRP,10.3389/fonc.2014.00060
6019,18.0,1470.0,,,1.0,1014.0,PCRP,10.1158/1078-0432.ccr-12-3049
5995,,,,,1.0,1014.0,PCRP,10.1016/j.eururo.2011.12.014
6976,27.0,1094.0,,,1.0,1014.0,PCRP,10.1038/onc.2014.350
6983,,,,,1.0,1014.0,PCRP,10.1080/15384101.2015.1086201
6012,8.0,2111.0,,,1.0,1014.0,PCRP,10.1021/pr200551e
6010,26.0,1125.0,,,1.0,1014.0,PCRP,10.1016/j.jconrel.2012.12.007
6004,10.0,1962.0,,,1.0,1014.0,PCRP,10.1371/journal.pone.0049893
6990,,,,,1.0,1014.0,PCRP,10.3389/fonc.2015.00169
6002,137.0,166.0,,,1.0,1014.0,PCRP,10.1016/j.eururo.2011.03.029
6347,19.0,1414.0,,,1.0,1014.0,PCRP,10.1093/aje/kwt136
6357,,,,,1.0,1014.0,PCRP,10.1038/mtm.2014.15
6834,62.0,456.0,,,1.0,1014.0,PCRP,10.1371/journal.pone.0090022
6700,21.0,1322.0,4.0,102.0,1.0,1014.0,PCRP,10.1002/pros.22740
6594,,,,,1.0,1014.0,PCRP,10.1073/pnas.1315153111
6685,26.0,1125.0,,,1.0,1014.0,PCRP,10.1016/j.biomaterials.2015.07.028
6686,43.0,699.0,,,1.0,1014.0,PCRP,10.1038/nrurol.2013.126
6581,69.0,393.0,,,1.0,1014.0,PCRP,10.1593/neo.13314
6569,30.0,1002.0,,,1.0,1014.0,PCRP,10.1158/0008-5472.can-12-4619
6694,9.0,2032.0,,,1.0,1014.0,PCRP,10.1186/1471-2121-15-8
6699,,,,,1.0,1014.0,PCRP,10.3389/fonc.2014.00364
6558,44.0,676.0,,,1.0,1014.0,PCRP,10.1371/journal.pone.0045571
6597,,,,,1.0,1014.0,PCRP,10.18632/oncotarget.1898
6556,17.0,1526.0,1.0,200.0,1.0,1014.0,PCRP,10.1021/mp4004282
6709,8.0,2111.0,,,1.0,1014.0,PCRP,10.1007/s13238-014-0097-1
6555,19.0,1414.0,2.0,151.0,1.0,1014.0,PCRP,10.1186/s12943-015-0362-9
6551,,,,,1.0,1014.0,PCRP,10.2967/jnumed.119.225771
6712,8.0,2111.0,,,1.0,1014.0,PCRP,10.1021/acs.bioconjchem.6b00222
6717,,,,,1.0,1014.0,PCRP,10.1021/acs.bioconjchem.5b00028
6727,37.0,813.0,1.0,200.0,1.0,1014.0,PCRP,10.1021/ja400432e
6683,30.0,1002.0,,,1.0,1014.0,PCRP,10.1016/j.biomaterials.2014.05.073
6681,63.0,442.0,,,1.0,1014.0,PCRP,10.1038/onc.2014.25
6373,7.0,2194.0,,,1.0,1014.0,PCRP,10.1016/j.bbcan.2011.11.002
6665,89.0,285.0,,,1.0,1014.0,PCRP,10.1371/journal.pone.0076994
6644,27.0,1094.0,,,1.0,1014.0,PCRP,10.1016/j.chembiol.2014.09.012
6648,62.0,456.0,,,1.0,1014.0,PCRP,10.1158/0008-5472.can-15-0381
6653,16.0,1577.0,,,1.0,1014.0,PCRP,10.1016/j.bbamcr.2015.12.001
6655,21.0,1322.0,,,1.0,1014.0,PCRP,10.1016/j.bbagrm.2014.09.015
6625,5.0,2368.0,,,1.0,1014.0,PCRP,10.1667/rr13900.1
6661,,,,,1.0,1014.0,PCRP,10.1002/pros.23832
6624,77.0,336.0,,,1.0,1014.0,PCRP,10.1002/mc.22124
6666,,,,,1.0,1014.0,PCRP,10.1007/978-1-4939-1804-1_27
6601,15.0,1643.0,,,1.0,1014.0,PCRP,10.1158/1055-9965.epi-13-0668
6668,2.0,2592.0,,,1.0,1014.0,PCRP,10.1371/journal.pone.0180344
6670,11.0,1874.0,,,1.0,1014.0,PCRP,10.1158/0008-5472.can-14-2185
6617,,,,,1.0,1014.0,PCRP,10.1007/978-1-4471-4372-7_33
6615,34.0,887.0,,,1.0,1014.0,PCRP,10.1074/jbc.m112.419184
6614,19.0,1414.0,,,1.0,1014.0,PCRP,10.1095/biolreprod.113.108845
6677,44.0,676.0,,,1.0,1014.0,PCRP,10.1158/2159-8290.cd-12-0085
6602,1.0,2681.0,,,1.0,1014.0,PCRP,10.1016/j.clgc.2014.12.018
6546,,,,,1.0,1014.0,PCRP,10.18632/oncotarget.7139
6734,3.0,2508.0,,,1.0,1014.0,PCRP,10.3390/molecules21030335
6545,,,,,1.0,1014.0,PCRP,10.1007/978-1-4939-3112-5_15
6807,39.0,773.0,,,1.0,1014.0,PCRP,10.1016/j.bbamcr.2014.11.004
6474,3.0,2508.0,,,1.0,1014.0,PCRP,10.1364/ao.53.002345
6472,3.0,2508.0,,,1.0,1014.0,PCRP,10.1117/1.jbo.17.10.107005
6449,47.0,623.0,,,1.0,1014.0,PCRP,10.1182/blood-2012-07-444208
6798,,,,,1.0,1014.0,PCRP,10.1016/j.gendis.2015.01.003
6443,5.0,2368.0,,,1.0,1014.0,PCRP,10.1038/gene.2012.40
6442,10.0,1962.0,,,1.0,1014.0,PCRP,10.4161/cbt.12.9.17682
6430,,,,,1.0,1014.0,PCRP,10.18632/oncoscience.378
6424,69.0,393.0,,,1.0,1014.0,PCRP,10.1073/pnas.1100769108
6542,,,,,1.0,1014.0,PCRP,10.1002/pros.22675
6423,104.0,233.0,,,1.0,1014.0,PCRP,10.1517/13543784.2011.609167
6816,,,,,1.0,1014.0,PCRP,10.18632/oncotarget.17968
6402,7.0,2194.0,,,1.0,1014.0,PCRP,10.1097/coc.0b013e318261056c
6392,24.0,1201.0,,,1.0,1014.0,PCRP,10.1158/0008-5472.can-12-2474
6388,48.0,603.0,,,1.0,1014.0,PCRP,10.1038/bjc.2011.241
6374,80.0,321.0,,,1.0,1014.0,PCRP,10.1016/j.bbcan.2012.04.008
6830,16.0,1577.0,,,1.0,1014.0,PCRP,10.18632/oncotarget.10652
6480,10.0,1962.0,,,1.0,1014.0,PCRP,10.1117/1.jbo.19.3.037005
6483,124.0,186.0,2.0,151.0,1.0,1014.0,PCRP,10.1002/pros.21314
6487,18.0,1470.0,,,1.0,1014.0,PCRP,10.1016/j.urolonc.2012.01.001
6489,,,,,1.0,1014.0,PCRP,10.18632/oncotarget.1849
6538,28.0,1063.0,,,1.0,1014.0,PCRP,10.1016/j.taap.2013.07.013
6739,14.0,1704.0,1.0,200.0,1.0,1014.0,PCRP,10.1002/mabi.201400436
6747,5.0,2368.0,,,1.0,1014.0,PCRP,10.3791/51052
6522,26.0,1125.0,1.0,200.0,1.0,1014.0,PCRP,10.1002/cncr.29320
6516,,,,,1.0,1014.0,PCRP,10.4172/2155-9937.1000123
6511,10.0,1962.0,,,1.0,1014.0,PCRP,10.1371/journal.pgen.1003205
6752,2.0,2592.0,,,1.0,1014.0,PCRP,10.1021/jacs.7b07900
6506,7.0,2194.0,,,1.0,1014.0,PCRP,10.1002/pros.22508
6755,48.0,603.0,,,1.0,1014.0,PCRP,10.1016/j.jconrel.2012.12.029
6758,,,,,1.0,1014.0,PCRP,10.1038/srep05128
6501,76.0,344.0,,,1.0,1014.0,PCRP,10.1186/1476-4598-10-58
6497,22.0,1281.0,,,1.0,1014.0,PCRP,10.1371/journal.pone.0050075
6493,,,,,1.0,1014.0,PCRP,10.3389/fonc.2013.00109
6774,9.0,2032.0,,,1.0,1014.0,PCRP,10.1074/jbc.m114.586057
6776,11.0,1874.0,,,1.0,1014.0,PCRP,10.1371/journal.pone.0106437
7029,25.0,1164.0,,,1.0,1014.0,PCRP,10.1111/jpi.12084
5920,10.0,1962.0,,,1.0,1014.0,PCRP,10.1158/1055-9965.epi-12-0707
4764,3.0,2508.0,,,1.0,1014.0,PCRP,10.1016/j.juro.2011.07.009
5252,101.0,241.0,,,1.0,1014.0,PCRP,10.1016/j.cell.2012.05.038
5364,21.0,1322.0,,,1.0,1014.0,PCRP,10.1002/mabi.201200002
5329,2.0,2592.0,,,1.0,1014.0,PCRP,10.1007/s13187-015-0854-8
5316,17.0,1526.0,,,1.0,1014.0,PCRP,10.1210/me.2011-1371
5288,32.0,935.0,,,1.0,1014.0,PCRP,10.1039/c2lc41136a
5277,84.0,302.0,,,1.0,1014.0,PCRP,10.1002/cncr.26204
5258,38.0,790.0,,,1.0,1014.0,PCRP,10.1158/0008-5472.can-11-3240
5257,16.0,1577.0,,,1.0,1014.0,PCRP,10.1530/erc-13-0204
7255,,,,,1.0,1014.0,PCRP,10.1002/jcp.26593
5369,8.0,2111.0,,,1.0,1014.0,PCRP,10.1002/mabi.201200383
5251,37.0,813.0,,,1.0,1014.0,PCRP,10.1038/embor.2011.231
5248,47.0,623.0,,,1.0,1014.0,PCRP,10.1016/j.molcel.2011.09.024
5228,,,,,1.0,1014.0,PCRP,10.4172/1948-5956.1000119
5225,26.0,1125.0,,,1.0,1014.0,PCRP,10.1021/mp3000309
5218,3.0,2508.0,,,1.0,1014.0,PCRP,10.1016/j.ymeth.2013.07.040
5207,57.0,510.0,,,1.0,1014.0,PCRP,10.1158/1078-0432.ccr-12-0908
5180,4.0,2455.0,,,1.0,1014.0,PCRP,10.1002/pros.22474
5367,5.0,2368.0,,,1.0,1014.0,PCRP,10.1002/macp.201200591
5371,17.0,1526.0,,,1.0,1014.0,PCRP,10.1021/bm400124z
5165,37.0,813.0,,,1.0,1014.0,PCRP,10.1007/s10552-010-9671-x
5470,48.0,603.0,,,1.0,1014.0,PCRP,10.1097/ppo.0b013e31823e69ac
5531,63.0,442.0,1.0,200.0,1.0,1014.0,PCRP,10.1158/1078-0432.ccr-11-2090
5509,167.0,123.0,,,1.0,1014.0,PCRP,10.1016/j.cell.2012.02.065
5503,26.0,1125.0,,,1.0,1014.0,PCRP,10.1002/pros.22630
7197,6.0,2280.0,,,1.0,1014.0,PCRP,10.1002/cncr.30073
7199,36.0,833.0,,,1.0,1014.0,PCRP,10.1158/1078-0432.ccr-15-1432
5491,12.0,1814.0,,,1.0,1014.0,PCRP,10.1002/ijc.28507
5477,14.0,1704.0,,,1.0,1014.0,PCRP,10.1371/journal.pone.0050217
5468,119.0,203.0,,,1.0,1014.0,PCRP,10.1016/j.eururo.2011.07.011
5372,24.0,1201.0,,,1.0,1014.0,PCRP,10.1021/bm101036f
7211,5.0,2368.0,,,1.0,1014.0,PCRP,10.1038/srep12842
5464,123.0,189.0,,,1.0,1014.0,PCRP,10.1016/j.ccr.2009.08.016
5414,16.0,1577.0,,,1.0,1014.0,PCRP,10.1074/jbc.m112.344671
5409,5.0,2368.0,,,1.0,1014.0,PCRP,10.1002/pros.22695
5404,41.0,742.0,,,1.0,1014.0,PCRP,10.1093/jjco/hys072
5396,21.0,1322.0,,,1.0,1014.0,PCRP,10.1002/pros.22937
5390,61.0,470.0,,,1.0,1014.0,PCRP,10.1186/1471-2105-11-369
5176,92.0,270.0,,,1.0,1014.0,PCRP,10.1158/0008-5472.can-10-3142
7271,,,,,1.0,1014.0,PCRP,10.1002/pros.22883
5918,17.0,1526.0,,,1.0,1014.0,PCRP,10.1002/pros.22699
4837,46.0,641.0,,,1.0,1014.0,PCRP,10.1093/biostatistics/kxq055
7312,3.0,2508.0,,,1.0,1014.0,PCRP,10.1097/cco.0000000000000284
4950,15.0,1643.0,,,1.0,1014.0,PCRP,10.4161/cbt.12.11.18136
4948,32.0,935.0,,,1.0,1014.0,PCRP,10.1002/jcb.23379
4943,63.0,442.0,,,1.0,1014.0,PCRP,10.1002/pros.20895
4929,436.0,20.0,,,1.0,1014.0,PCRP,10.1101/gad.1965810
7318,8.0,2111.0,,,1.0,1014.0,PCRP,10.1186/s12967-016-0829-5
4870,72.0,368.0,,,1.0,1014.0,PCRP,10.1021/ja106513f
4835,26.0,1125.0,,,1.0,1014.0,PCRP,10.1186/1471-2164-12-313
7308,2.0,2592.0,,,1.0,1014.0,PCRP,10.1124/mol.116.103416
4829,158.0,134.0,,,1.0,1014.0,PCRP,10.1002/stem.1035
4789,9.0,2032.0,,,1.0,1014.0,PCRP,10.1016/j.ijrobp.2013.06.003
7328,,,,,1.0,1014.0,PCRP,10.1016/j.mce.2018.06.009
7330,1.0,2681.0,,,1.0,1014.0,PCRP,10.1002/pros.23505
4784,7.0,2194.0,,,1.0,1014.0,PCRP,10.1038/pcan.2011.38
4778,8.0,2111.0,,,1.0,1014.0,PCRP,10.1016/j.critrevonc.2012.05.003
4775,7.0,2194.0,,,1.0,1014.0,PCRP,10.1016/j.mce.2011.06.003
4954,51.0,571.0,,,1.0,1014.0,PCRP,10.1371/journal.pone.0030062
4958,82.0,312.0,,,1.0,1014.0,PCRP,10.1002/wrna.90
5160,5.0,2368.0,,,1.0,1014.0,PCRP,10.1097/sga.0b013e31824e2d7a
7285,2.0,2592.0,,,1.0,1014.0,PCRP,10.1186/s12955-017-0704-y
5143,18.0,1470.0,,,1.0,1014.0,PCRP,10.1530/erc-13-0293
5136,55.0,526.0,,,1.0,1014.0,PCRP,10.1016/j.ijrobp.2014.03.012
5133,34.0,887.0,,,1.0,1014.0,PCRP,10.1016/b978-0-12-386039-2.00004-3
5113,6.0,2280.0,,,1.0,1014.0,PCRP,10.1111/bju.12335
5108,,,,,1.0,1014.0,PCRP,10.1007/978-1-60761-026-7_1
5099,8.0,2111.0,,,1.0,1014.0,PCRP,10.1158/1541-7786.mcr-13-0490-t
5055,622.0,13.0,,,1.0,1014.0,PCRP,10.1016/j.ymeth.2010.01.032
7286,6.0,2280.0,,,1.0,1014.0,PCRP,10.1016/j.clgc.2017.05.026
7304,1.0,2681.0,,,1.0,1014.0,PCRP,10.1007/s11307-017-1057-y
7292,,,1.0,200.0,1.0,1014.0,PCRP,10.1056/nejmc1410239
7293,2.0,2592.0,,,1.0,1014.0,PCRP,10.1517/14656566.2015.1016911
5028,14.0,1704.0,,,1.0,1014.0,PCRP,10.1371/journal.pone.0041285
5007,21.0,1322.0,,,1.0,1014.0,PCRP,10.1186/1757-2215-3-19
5006,52.0,555.0,,,1.0,1014.0,PCRP,10.1128/mcb.00204-12
4996,,,,,1.0,1014.0,PCRP,10.1364/ao.51.003642
4989,,,,,1.0,1014.0,PCRP,10.1364/ol.37.003360
5534,,,,,1.0,1014.0,PCRP,10.4061/2011/281863
5552,59.0,488.0,,,1.0,1014.0,PCRP,10.1083/jcb.201105009
7179,,,,,1.0,1014.0,PCRP,10.1158/0008-5472.can-18-3313
5858,,,,,1.0,1014.0,PCRP,10.1002/pros.22855
5871,12.0,1814.0,,,1.0,1014.0,PCRP,10.1371/journal.pone.0027178
7076,8.0,2111.0,,,1.0,1014.0,PCRP,10.1158/1535-7163.mct-17-0030
7077,,,,,1.0,1014.0,PCRP,10.1002/pros.23134
5866,33.0,916.0,,,1.0,1014.0,PCRP,10.1073/pnas.1303524110
5865,19.0,1414.0,,,1.0,1014.0,PCRP,10.1016/j.molmed.2010.09.006
7083,49.0,598.0,,,1.0,1014.0,PCRP,10.1128/mcb.00102-15
7086,8.0,2111.0,,,1.0,1014.0,PCRP,10.18632/oncotarget.11404
5851,315.0,44.0,,,1.0,1014.0,PCRP,10.1158/1541-7786.mcr-10-0490
7071,9.0,2032.0,,,1.0,1014.0,PCRP,10.1186/1476-072x-13-39
5840,5.0,2368.0,,,1.0,1014.0,PCRP,10.2217/epi.11.101
7090,4.0,2455.0,,,1.0,1014.0,PCRP,10.1016/j.ab.2015.06.021
5824,18.0,1470.0,,,1.0,1014.0,PCRP,10.1016/j.juro.2012.08.014
7094,3.0,2508.0,,,1.0,1014.0,PCRP,10.1002/cmdc.201600238
7100,,,,,1.0,1014.0,PCRP,10.2147/bctt.s139963
7102,,,,,1.0,1014.0,PCRP,10.1038/bonekey.2015.57
7103,5.0,2368.0,,,1.0,1014.0,PCRP,10.1007/s00223-017-0350-8
5873,,,,,1.0,1014.0,PCRP,10.18632/oncotarget.1314
5874,11.0,1874.0,,,1.0,1014.0,PCRP,10.1016/j.urology.2012.02.075
5555,290.0,54.0,,,1.0,1014.0,PCRP,10.1038/ng.556
7053,1.0,2681.0,,,1.0,1014.0,PCRP,10.1021/acs.molpharmaceut.5b00948
7041,23.0,1258.0,,,1.0,1014.0,PCRP,10.1016/j.tranon.2016.01.008
5915,21.0,1322.0,1.0,200.0,1.0,1014.0,PCRP,10.1177/1557988312437240
5897,24.0,1201.0,,,1.0,1014.0,PCRP,10.1158/0008-5472.can-11-2724
5892,,,,,1.0,1014.0,PCRP,10.3389/fphys.2012.00276
7050,8.0,2111.0,,,1.0,1014.0,PCRP,10.1158/1535-7163.mct-13-1040
5889,43.0,699.0,1.0,200.0,1.0,1014.0,PCRP,10.1039/c2fo10254d
7052,5.0,2368.0,,,1.0,1014.0,PCRP,10.1016/j.molonc.2016.03.007
7056,9.0,2032.0,,,1.0,1014.0,PCRP,10.1038/cddis.2014.343
7067,,,,,1.0,1014.0,PCRP,10.12788/jcso.0323
5886,245.0,75.0,,,1.0,1014.0,PCRP,10.1016/j.tig.2011.05.006
5885,20.0,1372.0,,,1.0,1014.0,PCRP,10.1128/mcb.05429-11
7059,7.0,2194.0,,,1.0,1014.0,PCRP,10.1074/jbc.m114.625350
5881,47.0,623.0,,,1.0,1014.0,PCRP,10.1038/onc.2013.83
5877,10.0,1962.0,,,1.0,1014.0,PCRP,10.1021/ja404940s
7063,,,,,1.0,1014.0,PCRP,10.2147/cmar.s39318
7066,5.0,2368.0,,,1.0,1014.0,PCRP,10.1016/j.ijrobp.2014.10.031
5810,166.0,125.0,,,1.0,1014.0,PCRP,10.1002/adma.201104070
5805,73.0,357.0,,,1.0,1014.0,PCRP,10.1007/s11095-011-0608-1
7120,,,,,1.0,1014.0,PCRP,10.1016/j.canlet.2019.01.035
7167,9.0,2032.0,,,1.0,1014.0,PCRP,10.1080/08820139.2016.1186690
5681,,,,,1.0,1014.0,PCRP,10.1155/2012/973820
5679,,,,,1.0,1014.0,PCRP,10.1038/pcan.2011.31
7160,,,,,1.0,1014.0,PCRP,10.1080/15384047.2017.1345384
7162,,,,,1.0,1014.0,PCRP,10.18632/oncotarget.5728
5672,17.0,1526.0,,,1.0,1014.0,PCRP,10.1007/s00280-011-1759-9
5671,30.0,1002.0,,,1.0,1014.0,PCRP,10.1002/cncr.26437
5664,45.0,663.0,,,1.0,1014.0,PCRP,10.1158/1078-0432.ccr-12-2605
7168,,,,,1.0,1014.0,PCRP,10.1080/2162402x.2015.1026534
5799,29.0,1030.0,,,1.0,1014.0,PCRP,10.1021/mp500099g
5638,18.0,1470.0,,,1.0,1014.0,PCRP,10.1097/cad.0b013e3283355211
5616,5.0,2368.0,,,1.0,1014.0,PCRP,10.1007/s10637-014-0199-x
5591,3.0,2508.0,,,1.0,1014.0,PCRP,10.1586/14737140.2014.848065
7173,22.0,1281.0,,,1.0,1014.0,PCRP,10.2217/imt-2016-0001
5561,16.0,1577.0,,,1.0,1014.0,PCRP,10.1371/journal.pone.0036212
5558,19.0,1414.0,,,1.0,1014.0,PCRP,10.1093/carcin/bgr316
5557,,,,,1.0,1014.0,PCRP,10.1016/j.ccr.2010.06.011
5682,2.0,2592.0,,,1.0,1014.0,PCRP,10.1038/srep10411
5685,4.0,2455.0,,,1.0,1014.0,PCRP,10.1016/j.clgc.2014.12.004
5696,41.0,742.0,,,1.0,1014.0,PCRP,10.1016/j.eururo.2013.09.005
5713,60.0,481.0,,,1.0,1014.0,PCRP,10.1007/s11095-010-0325-1
5795,10.0,1962.0,,,1.0,1014.0,PCRP,10.1021/bc4005427
7125,,,1.0,200.0,1.0,1014.0,PCRP,10.2967/jnumed.118.220715
5788,264.0,64.0,,,1.0,1014.0,PCRP,10.1158/0008-5472.can-11-3892
5783,85.0,295.0,,,1.0,1014.0,PCRP,10.1158/1078-0432.ccr-13-1863
7131,6.0,2280.0,,,1.0,1014.0,PCRP,10.1158/1535-7163.mct-17-0259
7137,,,,,1.0,1014.0,PCRP,10.1158/0008-5472.can-18-2049
7138,,,,,1.0,1014.0,PCRP,10.1038/s41388-019-0760-3
5747,9.0,2032.0,,,1.0,1014.0,PCRP,10.3233/cbm-2011-0172
5740,123.0,189.0,,,1.0,1014.0,PCRP,10.1016/j.ajpath.2013.09.027
7146,,,,,1.0,1014.0,PCRP,10.18632/oncoscience.220
7147,2.0,2592.0,,,1.0,1014.0,PCRP,10.1186/s12896-017-0341-x
7148,5.0,2368.0,,,1.0,1014.0,PCRP,10.1242/jcs.197152
7149,12.0,1814.0,,,1.0,1014.0,PCRP,10.1158/0008-5472.can-13-3076
5732,,,,,1.0,1014.0,PCRP,10.18632/oncotarget.1953
5719,44.0,676.0,,,1.0,1014.0,PCRP,10.1158/1541-7786.mcr-12-0551
89,,,,,1.0,1014.0,NFRP,10.1128/mcb.25.24.11184-11190.2005
